ProductName,OriginalPrice,OfferPrice,Discount,Reviews,Offer
Biotique Bio Green Apple Shampoo,₹223,₹190,15%,"Works well, but I've seen better.",Flat 15% off
Biotique Bio Almond Oil,₹166,₹124,25%,"Satisfied with the results, but not overly impressed.",10% off on Next Purchase
Biotique Bio Honey Gel,₹476,₹428,10%,"Satisfied with the results, but not overly impressed.",10% off on Next Purchase
Biotique Bio Seaweed Eye Gel,₹197,₹167,15%,"Fantastic product, go for it!",Free Product Sample
Biotique Bio Orange Peel,₹497,₹398,20%,It's working wonders for my skin!,Free Travel Size Product
Biotique Bio Basil Toner,₹225,₹180,20%,"It’s okay, but I wouldn’t buy it again.",Free Shipping on Orders Above ₹500
Biotique Bio Fruit Pack,₹195,₹156,20%,It's working wonders for my skin!,Free Product Sample
Biotique Bio Basil Toner,₹385,₹308,20%,Absolutely love it! Worth every penny.,Free Face Wash with Purchase of 2
Biotique Bio Fruit Pack,₹398,₹318,20%,It's working wonders for my skin!,Free Travel Size Product
Biotique Bio Basil Toner,₹109,₹82,25%,"Works well, but I've seen better.",Combo Offer: Moisturizer + Face Wash
Biotique Bio White Whitening Cream,₹171,₹137,20%,"Decent, but it didn’t work miracles for me.",Combo Offer: Cream + Scrub
Biotique Bio Orange Peel,₹438,₹394,10%,"Satisfied with the results, but not overly impressed.",Free Face Wash with Purchase of 2
Biotique Bio Seaweed Eye Gel,₹408,₹306,25%,"Satisfied with the results, but not overly impressed.",10% off on Next Purchase
Biotique Bio Carrot Lotion,₹141,₹120,15%,"Satisfied with the results, but not overly impressed.",Combo Offer: Cream + Scrub
Biotique Bio Papaya Scrub,₹459,₹344,25%,"Works well, but I've seen better.",10% off on Next Purchase
Biotique Bio Carrot Lotion,₹266,₹239,10%,It's working wonders for my skin!,Free Travel Size Product
Biotique Bio Almond Oil,₹294,₹220,25%,"Satisfied with the results, but not overly impressed.",Buy 2 Get 1 Free
Biotique Bio Morning Nectar,₹317,₹285,10%,"Decent, but it didn’t work miracles for me.",Combo Offer: Cream + Scrub
Biotique Bio Fruit Pack,₹289,₹231,20%,Absolutely love it! Worth every penny.,Free Shipping on Orders Above ₹500
Biotique Bio Honey Gel,₹371,₹278,25%,It's working wonders for my skin!,10% off on Next Purchase
Biotique Bio Basil Toner,₹392,₹314,20%,"It’s okay, but I wouldn’t buy it again.",Flat 15% off
Biotique Bio Basil Toner,₹108,₹92,15%,Best purchase I've made for my skincare routine.,10% off on Next Purchase
Biotique Bio Cucumber Toner,₹441,₹353,20%,"Decent, but it didn’t work miracles for me.",Combo Offer: Cream + Scrub
Biotique Bio Peach Lotion,₹311,₹264,15%,"It’s okay, but I wouldn’t buy it again.",Buy One Get One Free
Biotique Bio Dandelion Serum,₹255,₹230,10%,"Satisfied with the results, but not overly impressed.",Combo Offer: Cream + Scrub
Biotique Bio Carrot Lotion,₹481,₹385,20%,Absolutely love it! Worth every penny.,Combo Offer: Cream + Scrub
Biotique Bio White Whitening Cream,₹472,₹378,20%,"It’s okay, but I wouldn’t buy it again.",Combo Offer: Moisturizer + Face Wash
Biotique Bio White Whitening Cream,₹307,₹261,15%,Good product but not perfect.,Free Product Sample
Biotique Bio Green Apple Shampoo,₹368,₹331,10%,"Works well, but I've seen better.",Combo Offer: Moisturizer + Face Wash
Biotique Bio Basil Toner,₹166,₹133,20%,"Works well, but I've seen better.",Flat 15% off
Biotique Bio Peach Lotion,₹287,₹258,10%,Best purchase I've made for my skincare routine.,Combo Offer: Moisturizer + Face Wash
Biotique Bio Fruit Pack,₹303,₹227,25%,"Satisfied with the results, but not overly impressed.",Free Face Wash with Purchase of 2
Biotique Bio Basil Toner,₹223,₹167,25%,"Fantastic product, go for it!",10% off on Next Purchase
Biotique Bio Green Apple Shampoo,₹148,₹111,25%,"Works well, but I've seen better.",Flat 15% off
Biotique Bio Wheat Germ Cream,₹353,₹318,10%,"Satisfied with the results, but not overly impressed.",Flat 15% off
Biotique Bio White Whitening Cream,₹220,₹165,25%,It's working wonders for my skin!,Flat 15% off
Biotique Bio Morning Nectar,₹207,₹176,15%,Good product but not perfect.,Combo Offer: Moisturizer + Face Wash
Biotique Bio Morning Nectar,₹110,₹99,10%,"Fantastic product, go for it!",Free Travel Size Product
Biotique Bio Carrot Lotion,₹474,₹427,10%,"Decent, but it didn’t work miracles for me.",10% off on Next Purchase
Biotique Bio Bhringraj Oil,₹358,₹286,20%,Best purchase I've made for my skincare routine.,Flat 15% off
Biotique Bio Orange Peel,₹327,₹245,25%,"Works well, but I've seen better.",Free Shipping on Orders Above ₹500
Biotique Bio Dandelion Serum,₹314,₹251,20%,Absolutely love it! Worth every penny.,Combo Offer: Moisturizer + Face Wash
Biotique Bio Papaya Scrub,₹110,₹88,20%,Good product but not perfect.,Combo Offer: Moisturizer + Face Wash
Biotique Bio Dandelion Serum,₹224,₹179,20%,"It’s okay, but I wouldn’t buy it again.",Buy One Get One Free
Biotique Bio Morning Nectar,₹356,₹267,25%,"Works well, but I've seen better.",10% off on Next Purchase
Biotique Bio Basil Toner,₹421,₹337,20%,"Decent, but it didn’t work miracles for me.",10% off on Next Purchase
Biotique Bio Carrot Lotion,₹126,₹101,20%,"Decent, but it didn’t work miracles for me.",10% off on Next Purchase
Biotique Bio Dandelion Serum,₹385,₹346,10%,"Works well, but I've seen better.",Flat 15% off
Biotique Bio Coconut Cream,₹280,₹224,20%,"Works well, but I've seen better.",Free Travel Size Product
Biotique Bio Orange Peel,₹443,₹399,10%,"Decent, but it didn’t work miracles for me.",Free Travel Size Product
Biotique Bio Coconut Cream,₹382,₹325,15%,"Works well, but I've seen better.",Flat 15% off
Biotique Bio Dandelion Serum,₹307,₹246,20%,Good product but not perfect.,Combo Offer: Moisturizer + Face Wash
Biotique Bio Coconut Cream,₹462,₹346,25%,"Decent, but it didn’t work miracles for me.",10% off on Next Purchase
Biotique Bio Almond Oil,₹191,₹172,10%,"Highly recommend, my skin feels amazing!",Buy 2 Get 1 Free
Biotique Bio Bhringraj Oil,₹429,₹386,10%,"Works well, but I've seen better.",Combo Offer: Cream + Scrub
Biotique Bio Honey Gel,₹208,₹187,10%,Best purchase I've made for my skincare routine.,10% off on Next Purchase
Biotique Bio Seaweed Eye Gel,₹113,₹85,25%,"Highly recommend, my skin feels amazing!",Free Product Sample
Biotique Bio Walnut Scrub,₹246,₹209,15%,"It’s okay, but I wouldn’t buy it again.",Flat 15% off
Biotique Bio Seaweed Eye Gel,₹490,₹392,20%,"Decent, but it didn’t work miracles for me.",Flat 15% off
Biotique Bio Bhringraj Oil,₹390,₹351,10%,"Works well, but I've seen better.",Flat 15% off
Biotique Bio Basil Toner,₹344,₹310,10%,"It’s okay, but I wouldn’t buy it again.",Combo Offer: Moisturizer + Face Wash
Biotique Bio Orange Peel,₹270,₹202,25%,"Satisfied with the results, but not overly impressed.",10% off on Next Purchase
Biotique Bio Seaweed Eye Gel,₹413,₹351,15%,It's working wonders for my skin!,Buy 2 Get 1 Free
Biotique Bio Bhringraj Oil,₹228,₹182,20%,"Satisfied with the results, but not overly impressed.",Buy One Get One Free
Biotique Bio Mountain Ebony Serum,₹255,₹217,15%,"Satisfied with the results, but not overly impressed.",Free Face Wash with Purchase of 2
Biotique Bio Fruit Pack,₹316,₹284,10%,Best purchase I've made for my skincare routine.,Buy One Get One Free
Biotique Bio Dandelion Serum,₹428,₹364,15%,"Satisfied with the results, but not overly impressed.",10% off on Next Purchase
Biotique Bio Orange Peel,₹493,₹444,10%,Absolutely love it! Worth every penny.,Combo Offer: Moisturizer + Face Wash
Biotique Bio Papaya Scrub,₹216,₹173,20%,Absolutely love it! Worth every penny.,Buy 2 Get 1 Free
Biotique Bio Peach Lotion,₹186,₹167,10%,"It’s okay, but I wouldn’t buy it again.",Free Face Wash with Purchase of 2
Biotique Bio Honey Gel,₹486,₹364,25%,"Highly recommend, my skin feels amazing!",Free Product Sample
Biotique Bio Almond Oil,₹379,₹341,10%,It's working wonders for my skin!,Buy 2 Get 1 Free
Biotique Bio Dandelion Serum,₹240,₹192,20%,"Fantastic product, go for it!",Flat 15% off
Biotique Bio Peach Lotion,₹239,₹191,20%,"Highly recommend, my skin feels amazing!",Combo Offer: Cream + Scrub
Biotique Bio Papaya Scrub,₹245,₹184,25%,Absolutely love it! Worth every penny.,Free Travel Size Product
Biotique Bio Neem Face Wash,₹156,₹140,10%,"Satisfied with the results, but not overly impressed.",Buy One Get One Free
Biotique Bio Coconut Cream,₹383,₹326,15%,Best purchase I've made for my skincare routine.,Flat 15% off
Biotique Bio Mountain Ebony Serum,₹250,₹212,15%,"Decent, but it didn’t work miracles for me.",Combo Offer: Moisturizer + Face Wash
Biotique Bio White Whitening Cream,₹213,₹160,25%,"It’s okay, but I wouldn’t buy it again.",Combo Offer: Moisturizer + Face Wash
Biotique Bio Basil Toner,₹197,₹148,25%,It's working wonders for my skin!,Combo Offer: Moisturizer + Face Wash
Biotique Bio Cucumber Toner,₹189,₹170,10%,Absolutely love it! Worth every penny.,Free Product Sample
Biotique Bio Wheat Germ Cream,₹443,₹332,25%,"Decent, but it didn’t work miracles for me.",Buy 2 Get 1 Free
Biotique Bio Coconut Cream,₹197,₹167,15%,"Satisfied with the results, but not overly impressed.",Free Travel Size Product
Biotique Bio Bhringraj Oil,₹490,₹392,20%,"Fantastic product, go for it!",Free Travel Size Product
Biotique Bio Honey Gel,₹422,₹316,25%,"It’s okay, but I wouldn’t buy it again.",Flat 15% off
Biotique Bio Papaya Scrub,₹385,₹289,25%,"It’s okay, but I wouldn’t buy it again.",Flat 15% off
Biotique Bio Seaweed Eye Gel,₹361,₹289,20%,Best purchase I've made for my skincare routine.,Free Product Sample
Biotique Bio Wheat Germ Cream,₹411,₹329,20%,Absolutely love it! Worth every penny.,Free Face Wash with Purchase of 2
Biotique Bio Papaya Scrub,₹279,₹209,25%,"Works well, but I've seen better.",Free Product Sample
Biotique Bio Basil Toner,₹470,₹352,25%,"Works well, but I've seen better.",Free Travel Size Product
Biotique Bio Honey Gel,₹259,₹207,20%,Absolutely love it! Worth every penny.,Buy One Get One Free
Biotique Bio Mountain Ebony Serum,₹434,₹347,20%,"It’s okay, but I wouldn’t buy it again.",Free Product Sample
Biotique Bio Seaweed Eye Gel,₹364,₹273,25%,"It’s okay, but I wouldn’t buy it again.",Buy 2 Get 1 Free
Biotique Bio Carrot Lotion,₹166,₹141,15%,"Satisfied with the results, but not overly impressed.",Free Face Wash with Purchase of 2
Biotique Bio Peach Lotion,₹218,₹196,10%,"It’s okay, but I wouldn’t buy it again.",Combo Offer: Moisturizer + Face Wash
Biotique Bio Morning Nectar,₹234,₹176,25%,"Works well, but I've seen better.",Buy 2 Get 1 Free
Biotique Bio Green Apple Shampoo,₹183,₹137,25%,"Highly recommend, my skin feels amazing!",Combo Offer: Moisturizer + Face Wash
Biotique Bio Almond Oil,₹369,₹295,20%,Good product but not perfect.,Flat 15% off
Biotique Bio Wheat Germ Cream,₹288,₹259,10%,It's working wonders for my skin!,Combo Offer: Moisturizer + Face Wash
Biotique Bio Green Apple Shampoo,₹454,₹340,25%,"Fantastic product, go for it!",Free Face Wash with Purchase of 2
Biotique Bio Wheat Germ Cream,₹443,₹399,10%,"It’s okay, but I wouldn’t buy it again.",10% off on Next Purchase
Biotique Bio Dandelion Serum,₹466,₹419,10%,"It’s okay, but I wouldn’t buy it again.",Free Shipping on Orders Above ₹500
Biotique Bio Papaya Scrub,₹485,₹412,15%,"Satisfied with the results, but not overly impressed.",Free Travel Size Product
Biotique Bio Cucumber Toner,₹268,₹214,20%,"Highly recommend, my skin feels amazing!",Combo Offer: Moisturizer + Face Wash
Biotique Bio Green Apple Shampoo,₹112,₹90,20%,Absolutely love it! Worth every penny.,Combo Offer: Cream + Scrub
Biotique Bio Bhringraj Oil,₹439,₹351,20%,"Works well, but I've seen better.",10% off on Next Purchase
Biotique Bio Bhringraj Oil,₹356,₹267,25%,Best purchase I've made for my skincare routine.,Buy One Get One Free
Biotique Bio Cucumber Toner,₹208,₹156,25%,"Satisfied with the results, but not overly impressed.",Free Travel Size Product
Biotique Bio Neem Face Wash,₹191,₹172,10%,"Satisfied with the results, but not overly impressed.",Free Shipping on Orders Above ₹500
Biotique Bio White Whitening Cream,₹452,₹362,20%,"Decent, but it didn’t work miracles for me.",10% off on Next Purchase
Biotique Bio White Whitening Cream,₹180,₹162,10%,"Works well, but I've seen better.",Combo Offer: Cream + Scrub
Biotique Bio Fruit Pack,₹153,₹138,10%,"Fantastic product, go for it!",Buy 2 Get 1 Free
Biotique Bio Carrot Lotion,₹347,₹260,25%,"Works well, but I've seen better.",Free Face Wash with Purchase of 2
Biotique Bio Seaweed Eye Gel,₹263,₹224,15%,"Works well, but I've seen better.",Buy One Get One Free
Biotique Bio Fruit Pack,₹393,₹354,10%,"Decent, but it didn’t work miracles for me.",Free Travel Size Product
Biotique Bio Cucumber Toner,₹494,₹395,20%,"Satisfied with the results, but not overly impressed.",Combo Offer: Moisturizer + Face Wash
Biotique Bio Mountain Ebony Serum,₹114,₹91,20%,"Works well, but I've seen better.",Buy One Get One Free
Biotique Bio Walnut Scrub,₹345,₹293,15%,Good product but not perfect.,Free Face Wash with Purchase of 2
Biotique Bio Wheat Germ Cream,₹478,₹382,20%,"Fantastic product, go for it!",10% off on Next Purchase
Biotique Bio Dandelion Serum,₹398,₹338,15%,"Works well, but I've seen better.",Free Travel Size Product
Biotique Bio Seaweed Eye Gel,₹349,₹262,25%,"Satisfied with the results, but not overly impressed.",Free Face Wash with Purchase of 2
Biotique Bio Carrot Lotion,₹493,₹419,15%,Good product but not perfect.,Free Shipping on Orders Above ₹500
Biotique Bio Coconut Cream,₹119,₹89,25%,"It’s okay, but I wouldn’t buy it again.",Free Product Sample
Biotique Bio Basil Toner,₹169,₹144,15%,"Fantastic product, go for it!",Free Travel Size Product
Biotique Bio Cucumber Toner,₹338,₹270,20%,"Decent, but it didn’t work miracles for me.",Buy One Get One Free
Biotique Bio Wheat Germ Cream,₹454,₹409,10%,"Satisfied with the results, but not overly impressed.",Free Shipping on Orders Above ₹500
Biotique Bio Wheat Germ Cream,₹247,₹185,25%,"Works well, but I've seen better.",10% off on Next Purchase
Biotique Bio Cucumber Toner,₹461,₹369,20%,Best purchase I've made for my skincare routine.,10% off on Next Purchase
Biotique Bio Wheat Germ Cream,₹376,₹320,15%,"Works well, but I've seen better.",Free Face Wash with Purchase of 2
Biotique Bio Orange Peel,₹107,₹96,10%,It's working wonders for my skin!,Free Face Wash with Purchase of 2
Biotique Bio Walnut Scrub,₹149,₹127,15%,"Works well, but I've seen better.",Free Face Wash with Purchase of 2
Biotique Bio Green Apple Shampoo,₹234,₹187,20%,Good product but not perfect.,Free Shipping on Orders Above ₹500
Biotique Bio Mountain Ebony Serum,₹171,₹128,25%,"Decent, but it didn’t work miracles for me.",Free Product Sample
Biotique Bio Orange Peel,₹440,₹330,25%,"Works well, but I've seen better.",Flat 15% off
Biotique Bio Morning Nectar,₹208,₹187,10%,"Works well, but I've seen better.",Combo Offer: Cream + Scrub
Biotique Bio Neem Face Wash,₹148,₹126,15%,"Fantastic product, go for it!",Buy One Get One Free
Biotique Bio Orange Peel,₹149,₹134,10%,Good product but not perfect.,Combo Offer: Cream + Scrub
Biotique Bio Neem Face Wash,₹239,₹203,15%,"Decent, but it didn’t work miracles for me.",Combo Offer: Moisturizer + Face Wash
Biotique Bio Papaya Scrub,₹267,₹240,10%,Best purchase I've made for my skincare routine.,Free Shipping on Orders Above ₹500
Biotique Bio Fruit Pack,₹284,₹227,20%,Good product but not perfect.,Free Travel Size Product
Biotique Bio Neem Face Wash,₹172,₹155,10%,"Fantastic product, go for it!",Free Shipping on Orders Above ₹500
Biotique Bio Neem Face Wash,₹259,₹194,25%,"Highly recommend, my skin feels amazing!",Free Travel Size Product
Biotique Bio Bhringraj Oil,₹150,₹135,10%,Absolutely love it! Worth every penny.,Free Face Wash with Purchase of 2
Biotique Bio Dandelion Serum,₹263,₹237,10%,"It’s okay, but I wouldn’t buy it again.",Combo Offer: Moisturizer + Face Wash
Biotique Bio Almond Oil,₹208,₹166,20%,Good product but not perfect.,Buy 2 Get 1 Free
Biotique Bio Basil Toner,₹489,₹416,15%,"Works well, but I've seen better.",Free Product Sample
Biotique Bio Honey Gel,₹206,₹154,25%,"Decent, but it didn’t work miracles for me.",Free Travel Size Product
Biotique Bio Mountain Ebony Serum,₹321,₹273,15%,"Fantastic product, go for it!",Free Product Sample
Biotique Bio Wheat Germ Cream,₹148,₹118,20%,"It’s okay, but I wouldn’t buy it again.",Free Face Wash with Purchase of 2
Biotique Bio Morning Nectar,₹235,₹188,20%,Good product but not perfect.,10% off on Next Purchase
